-104.0182160726, 27.4919373305, 0.0000000000
-104.0182160726, 27.4919373305, 0.0000000000
-104.4788686781, 27.8919594421, 0.0000000000
-104.4788686781, 27.8919594421, 0.0000000000
-104.9496536141, 28.2797805331, 0.0000000000
-104.9496536141, 28.2797805331, 0.0000000000
-105.4207973173, 28.6467423011, 0.0000000000
-105.4207973173, 28.6467423011, 0.0000000000
-106.5997492059, 29.4726598086, 0.0000000000
-106.5997492059, 29.4726598086, 0.0000000000
-107.8488080854, 30.2037968722, 0.0000000000
-107.8488080854, 30.2037968722, 0.0000000000
-109.1274067936, 30.7973796124, 0.0000000000
-109.1274067936, 30.7973796124, 0.0000000000
-110.3549610659, 31.2162027404, 0.0000000000
-110.3549610659, 31.2162027404, 0.0000000000
-111.5241523454, 31.4716921146, 0.0000000000
-111.5241523454, 31.4716921146, 0.0000000000
-112.1052161329, 31.5440578924, 0.0000000000
-112.1052161329, 31.5440578924, 0.0000000000
-112.9554644909, 31.5808918041, 0.0000000000
-112.9554644909, 31.5808918041, 0.0000000000
-113.2769946626, 31.5724558550, 0.0000000000
-113.2769946626, 31.5724558550, 0.0000000000
-113.6584745311, 31.5457853837, 0.0000000000
-113.6584745311, 31.5457853837, 0.0000000000
-114.5348232788, 31.4122295840, 0.0000000000
-114.5348232788, 31.4122295840, 0.0000000000
-115.3816525659, 31.1791787730, 0.0000000000
-115.3816525659, 31.1791787730, 0.0000000000
-116.1170148719, 30.8839165634, 0.0000000000
-116.1170148719, 30.8839165634, 0.0000000000
-116.6324057802, 30.6193162064, 0.0000000000
-116.6324057802, 30.6193162064, 0.0000000000
-116.9665728376, 30.4197549989, 0.0000000000
-116.9665728376, 30.4197549989, 0.0000000000
-117.1306769545, 30.3131160149, 0.0000000000
-117.1306769545, 30.3131160149, 0.0000000000
-117.3752187529, 30.1430642806, 0.0000000000
-117.3752187529, 30.1430642806, 0.0000000000
-117.5322823385, 30.0264998424, 0.0000000000
-117.5322823385, 30.0264998424, 0.0000000000
-117.9259365356, 29.7074324164, 0.0000000000
-117.9259365356, 29.7074324164, 0.0000000000
-118.6726392155, 28.9835342895, 0.0000000000
-118.6726392155, 28.9835342895, 0.0000000000
-119.2563823409, 28.2894107587, 0.0000000000
-119.2563823409, 28.2894107587, 0.0000000000
-119.7097463397, 27.6559646812, 0.0000000000
-119.7097463397, 27.6559646812, 0.0000000000
-120.0488983847, 27.1182034735, 0.0000000000
-120.0488983847, 27.1182034735, 0.0000000000
-120.4830244807, 26.3354168212, 0.0000000000
-120.4830244807, 26.3354168212, 0.0000000000
-120.8579203398, 25.5579737277, 0.0000000000
-120.8579203398, 25.5579737277, 0.0000000000
-121.3004998940, 24.4912141012, 0.0000000000
-121.3004998940, 24.4912141012, 0.0000000000
-121.7262207013, 23.2734967866, 0.0000000000
-121.7262207013, 23.2734967866, 0.0000000000
-122.0091364677, 22.3327069103, 0.0000000000
-122.0091364677, 22.3327069103, 0.0000000000
-122.1825181103, 21.6926556559, 0.0000000000
-122.1825181103, 21.6926556559, 0.0000000000
-122.3366930946, 21.0760663071, 0.0000000000
-122.3366930946, 21.0760663071, 0.0000000000
-122.4843765901, 20.4373960987, 0.0000000000
-122.4843765901, 20.4373960987, 0.0000000000
-122.7159764090, 19.3228226504, 0.0000000000
-122.7159764090, 19.3228226504, 0.0000000000
-123.1197898529, 16.9162376282, 0.0000000000
-123.1197898529, 16.9162376282, 0.0000000000
-123.3772984494, 14.8478381536, 0.0000000000
-123.3772984494, 14.8478381536, 0.0000000000
-123.5704655866, 12.6373151969, 0.0000000000
-123.5704655866, 12.6373151969, 0.0000000000
-123.6849162934, 10.3269400544, 0.0000000000
-123.6849162934, 10.3269400544, 0.0000000000
-123.7088527558, 7.9752354325, 0.0000000000
-123.7088527558, 7.9752354325, 0.0000000000
-123.6305754015, 5.5172847560, 0.0000000000
-123.6305754015, 5.5172847560, 0.0000000000
-123.5017456336, 3.6991215292, 0.0000000000
-123.5017456336, 3.6991215292, 0.0000000000
-123.3568240171, 2.2741865853, 0.0000000000
-123.3568240171, 2.2741865853, 0.0000000000
-123.1894784131, 0.9726492581, 0.0000000000
-123.1894784131, 0.9726492581, 0.0000000000
-123.0304082103, -0.0710212444, 0.0000000000
-123.0304082103, -0.0710212444, 0.0000000000
-122.9565372130, -0.5111039780, 0.0000000000
-122.9565372130, -0.5111039780, 0.0000000000
-122.8459528253, -1.1286544770, 0.0000000000
-122.8459528253, -1.1286544770, 0.0000000000
-122.5944415140, -2.3899253979, 0.0000000000
-122.5944415140, -2.3899253979, 0.0000000000
-122.0835314974, -4.5386187220, 0.0000000000
-122.0835314974, -4.5386187220, 0.0000000000
-121.3789983374, -6.9493399437, 0.0000000000
-121.3789983374, -6.9493399437, 0.0000000000
-120.4143852902, -9.6398052191, 0.0000000000
-120.4143852902, -9.6398052191, 0.0000000000
-119.7196323570, -11.2930854838, 0.0000000000
-119.7196323570, -11.2930854838, 0.0000000000
-118.9249986745, -12.9761154618, 0.0000000000
-118.9249986745, -12.9761154618, 0.0000000000
-117.5107234111, -15.5659990020, 0.0000000000
-117.5107234111, -15.5659990020, 0.0000000000
-116.2829114201, -17.4989856143, 0.0000000000
-116.2829114201, -17.4989856143, 0.0000000000
-114.5447512049, -19.8608940636, 0.0000000000
-114.5447512049, -19.8608940636, 0.0000000000
-113.0128581501, -21.6548797926, 0.0000000000
-113.0128581501, -21.6548797926, 0.0000000000
-111.9997140757, -22.7182578861, 0.0000000000
-111.9997140757, -22.7182578861, 0.0000000000
-111.0228164660, -23.6617119635, 0.0000000000
-111.0228164660, -23.6617119635, 0.0000000000
-110.4080901161, -24.2173554368, 0.0000000000
-110.4080901161, -24.2173554368, 0.0000000000
-109.1176802977, -25.2952475335, 0.0000000000
-109.1176802977, -25.2952475335, 0.0000000000
-107.9998531883, -26.1386196903, 0.0000000000
-107.9998531883, -26.1386196903, 0.0000000000
-107.0771823212, -26.7756225462, 0.0000000000
-107.0771823212, -26.7756225462, 0.0000000000
-105.3748945187, -27.8186965354, 0.0000000000
-105.3748945187, -27.8186965354, 0.0000000000
-104.0827480635, -28.5014272987, 0.0000000000
-104.0827480635, -28.5014272987, 0.0000000000
-102.9002844281, -29.0467183628, 0.0000000000
-102.9002844281, -29.0467183628, 0.0000000000
-101.8683639236, -29.4616061873, 0.0000000000
-101.8683639236, -29.4616061873, 0.0000000000
-100.7040523599, -29.8618642142, 0.0000000000
-100.7040523599, -29.8618642142, 0.0000000000
-99.6621694899, -30.1587001379, 0.0000000000
-99.6621694899, -30.1587001379, 0.0000000000
-98.9224296473, -30.3337770855, 0.0000000000
-98.9224296473, -30.3337770855, 0.0000000000
-97.6235704193, -30.5675860020, 0.0000000000
-97.6235704193, -30.5675860020, 0.0000000000
-96.6205780102, -30.6814890153, 0.0000000000
-96.6205780102, -30.6814890153, 0.0000000000
-95.7105391410, -30.7318374673, 0.0000000000
-95.7105391410, -30.7318374673, 0.0000000000
-94.7077875653, -30.7251451385, 0.0000000000
-94.7077875653, -30.7251451385, 0.0000000000
-93.9625754933, -30.6748852777, 0.0000000000
-93.9625754933, -30.6748852777, 0.0000000000
-93.3292865618, -30.5994773201, 0.0000000000
-93.3292865618, -30.5994773201, 0.0000000000
-92.4818692339, -30.4475439780, 0.0000000000
-92.4818692339, -30.4475439780, 0.0000000000
-92.2444150665, -30.3937189139, 0.0000000000
-92.2444150665, -30.3937189139, 0.0000000000
-91.5790267486, -30.2144061001, 0.0000000000
-91.5790267486, -30.2144061001, 0.0000000000
-91.0709935836, -30.0470424628, 0.0000000000
-91.0709935836, -30.0470424628, 0.0000000000
-90.4356354358, -29.7964722421, 0.0000000000
-90.4356354358, -29.7964722421, 0.0000000000
-89.5792613005, -29.3756138441, 0.0000000000
-89.5792613005, -29.3756138441, 0.0000000000
-88.5566599178, -28.7197548463, 0.0000000000
-88.5566599178, -28.7197548463, 0.0000000000
-88.1179179905, -28.3745745062, 0.0000000000
-88.1179179905, -28.3745745062, 0.0000000000
-87.9168354962, -28.2009982176, 0.0000000000
-87.9168354962, -28.2009982176, 0.0000000000
-87.8064543898, -28.1012008963, 0.0000000000
-87.8064543898, -28.1012008963, 0.0000000000
-87.5062228110, -27.8121360120, 0.0000000000
-87.5062228110, -27.8121360120, 0.0000000000
-87.2176026872, -27.5072806569, 0.0000000000
-87.2176026872, -27.5072806569, 0.0000000000
-86.7743680159, -26.9780307340, 0.0000000000
-86.7743680159, -26.9780307340, 0.0000000000
-86.2755581050, -26.2700435162, 0.0000000000
-86.2755581050, -26.2700435162, 0.0000000000
-86.0968986829, -25.9793702673, 0.0000000000
-86.0968986829, -25.9793702673, 0.0000000000
-85.7590014022, -25.3594424823, 0.0000000000
-85.7590014022, -25.3594424823, 0.0000000000
-85.4168714629, -24.6067327868, 0.0000000000
-85.4168714629, -24.6067327868, 0.0000000000
-85.0853110971, -23.6930517230, 0.0000000000
-85.0853110971, -23.6930517230, 0.0000000000
-84.5857551276, -21.5413458220, 0.0000000000
-84.5857551276, -21.5413458220, 0.0000000000
-84.4075550829, -19.9060021866, 0.0000000000
-84.4075550829, -19.9060021866, 0.0000000000
-84.3612838216, -18.3475406878, 0.0000000000
-84.3612838216, -18.3475406878, 0.0000000000
-84.4000704809, -17.0130250021, 0.0000000000
-84.4000704809, -17.0130250021, 0.0000000000
-84.5347812265, -15.3303780608, 0.0000000000
-84.5347812265, -15.3303780608, 0.0000000000
-85.1302010434, -11.4556724113, 0.0000000000
-85.1302010434, -11.4556724113, 0.0000000000
-86.1277580812, -7.1778839349, 0.0000000000
-86.1277580812, -7.1778839349, 0.0000000000
-87.2690600035, -3.2621141491, 0.0000000000
-87.2690600035, -3.2621141491, 0.0000000000
-87.7043450678, -1.9119713600, 0.0000000000
-87.7043450678, -1.9119713600, 0.0000000000
-87.9779757797, -1.0929725298, 0.0000000000
-87.9779757797, -1.0929725298, 0.0000000000
-88.0844562693, -0.7798550100, 0.0000000000
-88.0844562693, -0.7798550100, 0.0000000000
-88.5138295864, 0.4537294131, 0.0000000000
-88.5138295864, 0.4537294131, 0.0000000000
-89.3854749942, 2.8323100417, 0.0000000000
-89.3854749942, 2.8323100417, 0.0000000000
-89.9414492681, 4.2732661644, 0.0000000000
-89.9414492681, 4.2732661644, 0.0000000000
-90.2778076929, 5.1191950073, 0.0000000000
-90.2778076929, 5.1191950073, 0.0000000000
-90.5027090496, 5.6745375240, 0.0000000000
-90.5027090496, 5.6745375240, 0.0000000000
-91.0266253810, 6.9377090276, 0.0000000000
-91.0266253810, 6.9377090276, 0.0000000000
-91.2194817055, 7.3923014581, 0.0000000000
-91.2194817055, 7.3923014581, 0.0000000000
-91.8335669775, 8.8040888335, 0.0000000000
-91.8335669775, 8.8040888335, 0.0000000000
-92.3617275846, 9.9763607006, 0.0000000000
-92.3617275846, 9.9763607006, 0.0000000000
-92.6745256905, 10.6529186540, 0.0000000000
-92.6745256905, 10.6529186540, 0.0000000000
-92.9805690112, 11.3023958506, 0.0000000000
-92.9805690112, 11.3023958506, 0.0000000000
-93.0876446106, 11.5267527857, 0.0000000000
-93.0876446106, 11.5267527857, 0.0000000000
-93.1894209812, 11.7386356698, 0.0000000000
-93.1894209812, 11.7386356698, 0.0000000000
-93.5041799118, 12.3855300778, 0.0000000000
-93.5041799118, 12.3855300778, 0.0000000000
-93.7152362081, 12.8122607996, 0.0000000000
-93.7152362081, 12.8122607996, 0.0000000000
-93.8231466088, 13.0282804973, 0.0000000000
-93.8231466088, 13.0282804973, 0.0000000000
-93.9266095476, 13.2340309142, 0.0000000000
-93.9266095476, 13.2340309142, 0.0000000000
-94.1396634538, 13.6535283725, 0.0000000000
-94.1396634538, 13.6535283725, 0.0000000000
-94.3536149300, 14.0691540808, 0.0000000000
-94.3536149300, 14.0691540808, 0.0000000000
-94.4674917308, 14.2880836503, 0.0000000000
-94.4674917308, 14.2880836503, 0.0000000000
-94.5677321409, 14.4794873927, 0.0000000000
-94.5677321409, 14.4794873927, 0.0000000000
-94.7832702562, 14.8869128930, 0.0000000000
-94.7832702562, 14.8869128930, 0.0000000000
-94.8817983244, 15.0712871729, 0.0000000000
-94.8817983244, 15.0712871729, 0.0000000000
-95.0983205338, 15.4723625227, 0.0000000000
-95.0983205338, 15.4723625227, 0.0000000000
-95.3154343004, 15.8689068997, 0.0000000000
-95.3154343004, 15.8689068997, 0.0000000000
-95.5330710827, 16.2607895966, 0.0000000000
-95.5330710827, 16.2607895966, 0.0000000000
-95.7511624785, 16.6478865565, 0.0000000000
-95.7511624785, 16.6478865565, 0.0000000000
-96.1879768704, 17.4064744500, 0.0000000000
-96.1879768704, 17.4064744500, 0.0000000000
-96.4952815870, 17.9269035373, 0.0000000000
-96.4952815870, 17.9269035373, 0.0000000000
-96.9333353184, 18.6500538628, 0.0000000000
-96.9333353184, 18.6500538628, 0.0000000000
-97.1527318886, 19.0040491845, 0.0000000000
-97.1527318886, 19.0040491845, 0.0000000000
-97.3720853060, 19.3525540275, 0.0000000000
-97.3720853060, 19.3525540275, 0.0000000000
-97.5913299935, 19.6955021381, 0.0000000000
-97.5913299935, 19.6955021381, 0.0000000000
-97.8104009352, 20.0328340781, 0.0000000000
-97.8104009352, 20.0328340781, 0.0000000000
-98.2469176471, 20.6891921019, 0.0000000000
-98.2469176471, 20.6891921019, 0.0000000000
-98.6098104048, 21.2189717595, 0.0000000000
-98.6098104048, 21.2189717595, 0.0000000000
-99.0431446795, 21.8329103575, 0.0000000000
-99.0431446795, 21.8329103575, 0.0000000000
-99.2594532960, 22.1318320115, 0.0000000000
-99.2594532960, 22.1318320115, 0.0000000000
-99.7771077076, 22.8270090793, 0.0000000000
-99.7771077076, 22.8270090793, 0.0000000000
-100.0511422772, 23.1835950305, 0.0000000000
-100.0511422772, 23.1835950305, 0.0000000000
-100.4179865914, 23.6486877778, 0.0000000000
-100.4179865914, 23.6486877778, 0.0000000000
-101.2001048271, 24.5939472050, 0.0000000000
-101.2001048271, 24.5939472050, 0.0000000000
-101.6119886888, 25.0667027820, 0.0000000000
-101.6119886888, 25.0667027820, 0.0000000000
-101.9766473076, 25.4710031828, 0.0000000000
-101.9766473076, 25.4710031828, 0.0000000000
-102.1380880886, 25.6457486545, 0.0000000000
-102.1380880886, 25.6457486545, 0.0000000000
-102.3395419237, 25.8601689780, 0.0000000000
-102.3395419237, 25.8601689780, 0.0000000000
-102.5020115640, 26.0301657999, 0.0000000000
-102.5020115640, 26.0301657999, 0.0000000000
-102.7009516537, 26.2347728049, 0.0000000000
-102.7009516537, 26.2347728049, 0.0000000000
-103.0610123350, 26.5951973806, 0.0000000000
-103.0610123350, 26.5951973806, 0.0000000000
-103.4189993183, 26.9409812211, 0.0000000000
-103.4189993183, 26.9409812211, 0.0000000000
-103.6109222628, 27.1212293461, 0.0000000000
-103.6109222628, 27.1212293461, 0.0000000000
-103.7759908608, 27.2734017779, 0.0000000000
-103.7759908608, 27.2734017779, 0.0000000000
-104.1070115276, 27.5706320592, 0.0000000000
-104.1070115276, 27.5706320592, 0.0000000000
-104.2726592277, 27.7154101430, 0.0000000000
-104.2726592277, 27.7154101430, 0.0000000000
-104.4384447591, 27.8576711220, 0.0000000000
-104.4384447591, 27.8576711220, 0.0000000000
-105.2593923074, 28.5234061882, 0.0000000000
-105.2593923074, 28.5234061882, 0.0000000000
-105.9235434096, 29.0150585730, 0.0000000000
-105.9235434096, 29.0150585730, 0.0000000000
-106.7538969824, 29.5709085945, 0.0000000000
-106.7538969824, 29.5709085945, 0.0000000000
-107.4308973219, 29.9757000277, 0.0000000000
-107.4308973219, 29.9757000277, 0.0000000000
-108.0790028419, 30.3223048590, 0.0000000000
-108.0790028419, 30.3223048590, 0.0000000000
-108.6040112325, 30.5735245114, 0.0000000000
-108.6040112325, 30.5735245114, 0.0000000000
-108.9725716279, 30.7339402849, 0.0000000000
-108.9725716279, 30.7339402849, 0.0000000000
-109.1301198134, 30.7984702589, 0.0000000000
-109.1301198134, 30.7984702589, 0.0000000000
-109.4730918276, 30.9305131265, 0.0000000000
-109.4730918276, 30.9305131265, 0.0000000000
-109.6603488784, 30.9976959446, 0.0000000000
-109.6603488784, 30.9976959446, 0.0000000000
-109.8483715776, 31.0616377750, 0.0000000000
-109.8483715776, 31.0616377750, 0.0000000000
-110.3814543798, 31.2235686401, 0.0000000000
-110.3814543798, 31.2235686401, 0.0000000000
-111.2101743053, 31.4172584298, 0.0000000000
-111.2101743053, 31.4172584298, 0.0000000000
-112.0762146971, 31.5413355921, 0.0000000000
-112.0762146971, 31.5413355921, 0.0000000000
-113.2517763949, 31.5735758108, 0.0000000000
-113.2517763949, 31.5735758108, 0.0000000000
-113.8837825493, 31.5212778998, 0.0000000000
-113.8837825493, 31.5212778998, 0.0000000000
-114.2606460433, 31.4652375291, 0.0000000000
-114.2606460433, 31.4652375291, 0.0000000000
-114.6112174428, 31.3955696744, 0.0000000000
-114.6112174428, 31.3955696744, 0.0000000000
-115.6353527602, 31.0876268111, 0.0000000000
-115.6353527602, 31.0876268111, 0.0000000000
-116.5108546683, 30.6863007274, 0.0000000000
-116.5108546683, 30.6863007274, 0.0000000000
-117.6584066414, 29.9285608675, 0.0000000000
-117.6584066414, 29.9285608675, 0.0000000000
-118.3345470798, 29.3320128001, 0.0000000000
-118.3345470798, 29.3320128001, 0.0000000000
-118.9002775473, 28.7276335215, 0.0000000000
-118.9002775473, 28.7276335215, 0.0000000000
-119.2247370584, 28.3303450915, 0.0000000000
-119.2247370584, 28.3303450915, 0.0000000000
-119.5328111523, 27.9140395721, 0.0000000000
-119.5328111523, 27.9140395721, 0.0000000000
-119.7053556293, 27.6625468932, 0.0000000000
-119.7053556293, 27.6625468932, 0.0000000000
-120.2814003188, 26.7132780267, 0.0000000000
-120.2814003188, 26.7132780267, 0.0000000000
-120.7664580819, 25.7573481171, 0.0000000000
-120.7664580819, 25.7573481171, 0.0000000000
-121.3525052977, 24.3535128932, 0.0000000000
-121.3525052977, 24.3535128932, 0.0000000000
-121.7881153279, 23.0776411641, 0.0000000000
-121.7881153279, 23.0776411641, 0.0000000000
-122.2844011078, 21.2905955835, 0.0000000000
-122.2844011078, 21.2905955835, 0.0000000000
-122.5151898098, 20.2975656646, 0.0000000000
-122.5151898098, 20.2975656646, 0.0000000000
-122.7970148023, 18.8940956257, 0.0000000000
-122.7970148023, 18.8940956257, 0.0000000000
-123.0446686045, 17.4228065811, 0.0000000000
-123.0446686045, 17.4228065811, 0.0000000000
-123.2853046095, 15.6602095718, 0.0000000000
-123.2853046095, 15.6602095718, 0.0000000000
-123.4273455818, 14.3569151834, 0.0000000000
-123.4273455818, 14.3569151834, 0.0000000000
-123.5012636422, 13.5432355448, 0.0000000000
-123.5012636422, 13.5432355448, 0.0000000000
-123.5649535519, 12.7166481773, 0.0000000000
-123.5649535519, 12.7166481773, 0.0000000000
-123.6014846721, 12.1588352156, 0.0000000000
-123.6014846721, 12.1588352156, 0.0000000000
-123.6706758743, 10.7489786094, 0.0000000000
-123.6706758743, 10.7489786094, 0.0000000000
-123.7067447418, 9.3198408339, 0.0000000000
-123.7067447418, 9.3198408339, 0.0000000000
-123.6913103354, 7.0230746969, 0.0000000000
-123.6913103354, 7.0230746969, 0.0000000000
-123.5415495046, 4.1762244937, 0.0000000000
-123.5415495046, 4.1762244937, 0.0000000000
-123.3808776382, 2.4860860925, 0.0000000000
-123.3808776382, 2.4860860925, 0.0000000000
-123.1693192843, 0.8318001992, 0.0000000000
-123.1693192843, 0.8318001992, 0.0000000000
-122.8630755727, -1.0359394303, 0.0000000000
-122.8630755727, -1.0359394303, 0.0000000000
-122.5528771427, -2.5828343218, 0.0000000000
-122.5528771427, -2.5828343218, 0.0000000000
-122.1552641025, -4.2621982069, 0.0000000000
-122.1552641025, -4.2621982069, 0.0000000000
-121.6488763440, -6.0828308697, 0.0000000000
-121.6488763440, -6.0828308697, 0.0000000000
-121.0108129044, -8.0423476825, 0.0000000000
-121.0108129044, -8.0423476825, 0.0000000000
-120.3120649190, -9.8959032216, 0.0000000000
-120.3120649190, -9.8959032216, 0.0000000000
-119.4869126934, -11.8064889078, 0.0000000000
-119.4869126934, -11.8064889078, 0.0000000000
-118.6611297499, -13.4948020602, 0.0000000000
-118.6611297499, -13.4948020602, 0.0000000000
-117.7188150851, -15.2120166436, 0.0000000000
-117.7188150851, -15.2120166436, 0.0000000000
-116.1661184530, -17.6703608690, 0.0000000000
-116.1661184530, -17.6703608690, 0.0000000000
-115.1821447984, -19.0392979346, 0.0000000000
-115.1821447984, -19.0392979346, 0.0000000000
-114.3261088445, -20.1319583597, 0.0000000000
-114.3261088445, -20.1319583597, 0.0000000000
-113.5277918614, -21.0783307447, 0.0000000000
-113.5277918614, -21.0783307447, 0.0000000000
-112.7810700578, -21.9062421700, 0.0000000000
-112.7810700578, -21.9062421700, 0.0000000000
-112.2800298714, -22.4330524901, 0.0000000000
-112.2800298714, -22.4330524901, 0.0000000000
-112.0284597974, -22.6893174766, 0.0000000000
-112.0284597974, -22.6893174766, 0.0000000000
-111.7769305146, -22.9402118291, 0.0000000000
-111.7769305146, -22.9402118291, 0.0000000000
-111.4835023568, -23.2263333959, 0.0000000000
-111.4835023568, -23.2263333959, 0.0000000000
-110.8086352808, -23.8585311494, 0.0000000000
-110.8086352808, -23.8585311494, 0.0000000000
-109.8797187472, -24.6727945548, 0.0000000000
-109.8797187472, -24.6727945548, 0.0000000000
-108.9474189130, -25.4289520961, 0.0000000000
-108.9474189130, -25.4289520961, 0.0000000000
-108.2533020525, -25.9544269183, 0.0000000000
-108.2533020525, -25.9544269183, 0.0000000000
-108.0243512795, -26.1209920486, 0.0000000000
-108.0243512795, -26.1209920486, 0.0000000000
-107.5638713091, -26.4460995749, 0.0000000000
-107.5638713091, -26.4460995749, 0.0000000000
-106.8677768498, -26.9130315913, 0.0000000000
-106.8677768498, -26.9130315913, 0.0000000000
-105.9323168388, -27.4954833722, 0.0000000000
-105.9323168388, -27.4954833722, 0.0000000000
-104.9718399130, -28.0415398565, 0.0000000000
-104.9718399130, -28.0415398565, 0.0000000000
-103.7957043275, -28.6407081396, 0.0000000000
-103.7957043275, -28.6407081396, 0.0000000000
-103.2886995244, -28.8758737335, 0.0000000000
-103.2886995244, -28.8758737335, 0.0000000000
-102.0252069084, -29.4021896840, 0.0000000000
-102.0252069084, -29.4021896840, 0.0000000000
-101.2191006953, -29.6936861400, 0.0000000000
-101.2191006953, -29.6936861400, 0.0000000000
-99.9501151295, -30.0825011698, 0.0000000000
-99.9501151295, -30.0825011698, 0.0000000000
-99.1323497752, -30.2871394743, 0.0000000000
-99.1323497752, -30.2871394743, 0.0000000000
-97.7078616624, -30.5553218014, 0.0000000000
-97.7078616624, -30.5553218014, 0.0000000000
-97.3164225856, -30.6087835231, 0.0000000000
-97.3164225856, -30.6087835231, 0.0000000000
-96.6175188404, -30.6817443569, 0.0000000000
-96.6175188404, -30.6817443569, 0.0000000000
-95.9155003558, -30.7250488742, 0.0000000000
-95.9155003558, -30.7250488742, 0.0000000000
-95.2125805753, -30.7369460630, 0.0000000000
-95.2125805753, -30.7369460630, 0.0000000000
-94.8088547620, -30.7289102821, 0.0000000000
-94.8088547620, -30.7289102821, 0.0000000000
-94.4047803678, -30.7095490748, 0.0000000000
-94.4047803678, -30.7095490748, 0.0000000000
-93.5320520684, -30.6270268323, 0.0000000000
-93.5320520684, -30.6270268323, 0.0000000000
-92.6526870052, -30.4831262932, 0.0000000000
-92.6526870052, -30.4831262932, 0.0000000000
-91.9445404986, -30.3182455490, 0.0000000000
-91.9445404986, -30.3182455490, 0.0000000000
-91.4065049305, -30.1606676036, 0.0000000000
-91.4065049305, -30.1606676036, 0.0000000000
-90.7615050165, -29.9310150913, 0.0000000000
-90.7615050165, -29.9310150913, 0.0000000000
-89.6474184862, -29.4129932350, 0.0000000000
-89.6474184862, -29.4129932350, 0.0000000000
-88.9455924951, -28.9916285477, 0.0000000000
-88.9455924951, -28.9916285477, 0.0000000000
-87.9818970528, -28.2582953048, 0.0000000000
-87.9818970528, -28.2582953048, 0.0000000000
-87.1666989239, -27.4504812853, 0.0000000000
-87.1666989239, -27.4504812853, 0.0000000000
-86.6300755425, -26.7869969040, 0.0000000000
-86.6300755425, -26.7869969040, 0.0000000000
-86.2896723351, -26.2920707627, 0.0000000000
-86.2896723351, -26.2920707627, 0.0000000000
-85.9270511965, -25.6804746714, 0.0000000000
-85.9270511965, -25.6804746714, 0.0000000000
-85.4900746398, -24.7809993992, 0.0000000000
-85.4900746398, -24.7809993992, 0.0000000000
-85.2482592984, -24.1709352041, 0.0000000000
-85.2482592984, -24.1709352041, 0.0000000000
-85.0597404189, -23.6118127136, 0.0000000000
-85.0597404189, -23.6118127136, 0.0000000000
-84.8039659247, -22.6685306687, 0.0000000000
-84.8039659247, -22.6685306687, 0.0000000000
-84.7130542483, -22.2517797310, 0.0000000000
-84.7130542483, -22.2517797310, 0.0000000000
-84.5611883929, -21.3787249328, 0.0000000000
-84.5611883929, -21.3787249328, 0.0000000000
-84.4749003309, -20.6932852108, 0.0000000000
-84.4749003309, -20.6932852108, 0.0000000000
-84.3844458205, -19.4888343488, 0.0000000000
-84.3844458205, -19.4888343488, 0.0000000000
-84.3621372857, -18.2138866665, 0.0000000000
-84.3621372857, -18.2138866665, 0.0000000000
-84.3932668426, -17.1469869252, 0.0000000000
-84.3932668426, -17.1469869252, 0.0000000000
-84.4447601151, -16.3211091092, 0.0000000000
-84.4447601151, -16.3211091092, 0.0000000000
-84.5199277620, -15.4740901960, 0.0000000000
-84.5199277620, -15.4740901960, 0.0000000000
-84.5501275230, -15.1875052540, 0.0000000000
-84.5501275230, -15.1875052540, 0.0000000000
-84.5828708509, -14.8987605093, 0.0000000000
-84.5828708509, -14.8987605093, 0.0000000000
-84.6181323602, -14.6079132197, 0.0000000000
-84.6181323602, -14.6079132197, 0.0000000000
-84.6558850546, -14.3150221802, 0.0000000000
-84.6558850546, -14.3150221802, 0.0000000000
-84.8312684076, -13.1239119350, 0.0000000000
-84.8312684076, -13.1239119350, 0.0000000000
-84.9873568919, -12.2126268347, 0.0000000000
-84.9873568919, -12.2126268347, 0.0000000000
-85.0438927820, -11.9056710302, 0.0000000000
-85.0438927820, -11.9056710302, 0.0000000000
-85.1026134248, -11.5972620633, 0.0000000000
-85.1026134248, -11.5972620633, 0.0000000000
-85.0993144670, -11.6143295515, 0.0000000000
-85.0993144670, -11.6143295515, 0.0000000000
-85.1600625111, -11.3046132683, 0.0000000000
-85.1600625111, -11.3046132683, 0.0000000000
-85.1560796128, -11.3246337189, 0.0000000000
-85.1560796128, -11.3246337189, 0.0000000000
-85.1560796128, -11.3246337189, 0.0000000000
-85.1560796128, -11.3246337189, 0.0000000000
-85.1560796128, -11.3246337189, 0.0000000000
-85.1560796128, -11.3246337189, 0.0000000000
-85.1560796128, -11.3246337189, 0.0000000000
-85.1560796128, -11.3246337189, 0.0000000000
-85.1560796128, -11.3246337189, 0.0000000000
-85.1560796128, -11.3246337189, 0.0000000000
-85.1560796128, -11.3246337189, 0.0000000000
-85.1560796128, -11.3246337189, 0.0000000000
-85.1560796128, -11.3246337189, 0.0000000000
-85.1560796128, -11.3246337189, 0.0000000000
-85.1560796128, -11.3246337189, 0.0000000000
-85.1560796128, -11.3246337189, 0.0000000000
-85.1560796128, -11.3246337189, 0.0000000000
-85.1560796128, -11.3246337189, 0.0000000000
-85.1560796128, -11.3246337189, 0.0000000000
-85.1560796128, -11.3246337189, 0.0000000000
-85.1560796128, -11.3246337189, 0.0000000000
-85.1560796128, -11.3246337189, 0.0000000000
-85.1560796128, -11.3246337189, 0.0000000000
-85.1560796128, -11.3246337189, 0.0000000000
-85.1560796128, -11.3246337189, 0.0000000000
-85.1560796128, -11.3246337189, 0.0000000000
-85.1560796128, -11.3246337189, 0.0000000000
-85.1560796128, -11.3246337189, 0.0000000000
-85.1560796128, -11.3246337189, 0.0000000000
-85.1560796128, -11.3246337189, 0.0000000000
-85.1560796128, -11.3246337189, 0.0000000000
-85.1560796128, -11.3246337189, 0.0000000000
-85.1560796128, -11.3246337189, 0.0000000000
-85.1560796128, -11.3246337189, 0.0000000000
-85.1560796128, -11.3246337189, 0.0000000000
-85.1560796128, -11.3246337189, 0.0000000000
-85.1560796128, -11.3246337189, 0.0000000000
-85.1560796128, -11.3246337189, 0.0000000000
-85.1560796128, -11.3246337189, 0.0000000000
-85.1560796128, -11.3246337189, 0.0000000000
-85.1560796128, -11.3246337189, 0.0000000000
-85.1560796128, -11.3246337189, 0.0000000000
-85.1560796128, -11.3246337189, 0.0000000000
-85.1560796128, -11.3246337189, 0.0000000000
-85.1560796128, -11.3246337189, 0.0000000000
-85.1560796128, -11.3246337189, 0.0000000000
-85.1560796128, -11.3246337189, 0.0000000000
-85.1560796128, -11.3246337189, 0.0000000000
-85.1560796133, -11.3246337163, 0.0000000000
-85.1560796133, -11.3246337163, 0.0000000000
-85.1560796133, -11.3246337163, 0.0000000000
-85.1560796133, -11.3246337163, 0.0000000000
-85.1560796138, -11.3246337137, 0.0000000000
-85.1560796138, -11.3246337137, 0.0000000000
-85.1560796138, -11.3246337137, 0.0000000000
-85.1560796138, -11.3246337137, 0.0000000000
-85.1560796138, -11.3246337137, 0.0000000000
-85.1560796138, -11.3246337137, 0.0000000000
-85.1560796138, -11.3246337137, 0.0000000000
-85.1560796138, -11.3246337137, 0.0000000000
-85.1560796287, -11.3246336389, 0.0000000000
-85.1560796287, -11.3246336389, 0.0000000000
-85.1560796292, -11.3246336362, 0.0000000000
-85.1560796292, -11.3246336362, 0.0000000000
-85.1560796297, -11.3246336336, 0.0000000000
-85.1560796297, -11.3246336336, 0.0000000000
-85.1560796303, -11.3246336310, 0.0000000000
-85.1560796303, -11.3246336310, 0.0000000000
-85.5620862970, -9.4437328976, 0.0000000000
-85.5620862970, -9.4437328976, 0.0000000000
-85.7210315303, -8.7744533774, 0.0000000000
-85.7210315303, -8.7744533774, 0.0000000000
-85.8863377219, -8.1076167725, 0.0000000000
-85.8863377219, -8.1076167725, 0.0000000000
-86.0718440895, -7.3890445646, 0.0000000000
-86.0718440895, -7.3890445646, 0.0000000000
-86.3250548632, -6.4505140817, 0.0000000000
-86.3250548632, -6.4505140817, 0.0000000000
-86.7349878653, -5.0142208461, 0.0000000000
-86.7349878653, -5.0142208461, 0.0000000000
-87.2794545216, -3.2291280060, 0.0000000000
-87.2794545216, -3.2291280060, 0.0000000000
-87.7403860786, -1.8028658328, 0.0000000000
-87.7403860786, -1.8028658328, 0.0000000000
-88.1211368629, -0.6726822307, 0.0000000000
-88.1211368629, -0.6726822307, 0.0000000000
-88.5125307586, 0.4500643178, 0.0000000000
-88.5125307586, 0.4500643178, 0.0000000000
-88.7649684309, 1.1553039249, 0.0000000000
-88.7649684309, 1.1553039249, 0.0000000000
-89.0215937574, 1.8582276624, 0.0000000000
-89.0215937574, 1.8582276624, 0.0000000000
-89.3584831453, 2.7609280328, 0.0000000000
-89.3584831453, 2.7609280328, 0.0000000000
-89.5893364386, 3.3670843700, 0.0000000000
-89.5893364386, 3.3670843700, 0.0000000000
-89.8997495252, 4.1670727065, 0.0000000000
-89.8997495252, 4.1670727065, 0.0000000000
-90.1353986497, 4.7633280656, 0.0000000000
-90.1353986497, 4.7633280656, 0.0000000000
-90.4912997702, 5.6465584317, 0.0000000000
-90.4912997702, 5.6465584317, 0.0000000000
-90.8910537795, 6.6148446458, 0.0000000000
-90.8910537795, 6.6148446458, 0.0000000000
-91.3758708569, 7.7569474223, 0.0000000000
-91.3758708569, 7.7569474223, 0.0000000000
-92.0291202478, 9.2425646168, 0.0000000000
-92.0291202478, 9.2425646168, 0.0000000000
-92.4785708669, 10.2306050767, 0.0000000000
-92.4785708669, 10.2306050767, 0.0000000000
-92.7970915635, 10.9144940708, 0.0000000000
-92.7970915635, 10.9144940708, 0.0000000000
-93.1147602399, 11.5833336446, 0.0000000000
-93.1147602399, 11.5833336446, 0.0000000000
-93.4007104612, 12.1742708416, 0.0000000000
-93.4007104612, 12.1742708416, 0.0000000000
-93.5779822553, 12.5353881112, 0.0000000000
-93.5779822553, 12.5353881112, 0.0000000000
-93.6934259971, 12.7684229002, 0.0000000000
-93.6934259971, 12.7684229002, 0.0000000000
-93.7524757330, 12.8869732742, 0.0000000000
-93.7524757330, 12.8869732742, 0.0000000000
-93.9256468221, 13.2321225487, 0.0000000000
-93.9256468221, 13.2321225487, 0.0000000000
-94.0116345371, 13.4021175806, 0.0000000000
-94.0116345371, 13.4021175806, 0.0000000000
-93.8477694783, 13.0773675541, 0.0000000000
-93.8477694783, 13.0773675541, 0.0000000000
-93.9949392423, 13.3691833397, 0.0000000000
-93.9949392423, 13.3691833397, 0.0000000000
-94.0242898474, 13.4270592448, 0.0000000000
-94.0242898474, 13.4270592448, 0.0000000000
-94.1676048761, 13.7081277111, 0.0000000000
-94.1676048761, 13.7081277111, 0.0000000000
-94.2787064919, 13.9242758546, 0.0000000000
-94.2787064919, 13.9242758546, 0.0000000000
-94.3314148704, 14.0262893477, 0.0000000000
-94.3314148704, 14.0262893477, 0.0000000000
-94.4677740776, 14.2886244989, 0.0000000000
-94.4677740776, 14.2886244989, 0.0000000000
-94.5193336762, 14.3872259133, 0.0000000000
-94.5193336762, 14.3872259133, 0.0000000000
-94.4244837720, 14.2055866075, 0.0000000000
-94.4244837720, 14.2055866075, 0.0000000000
-94.3901172997, 14.1395030418, 0.0000000000
-94.3901172997, 14.1395030418, 0.0000000000
-94.4160162876, 14.1893178193, 0.0000000000
-94.4160162876, 14.1893178193, 0.0000000000
-94.4681036308, 14.2892557620, 0.0000000000
-94.4681036308, 14.2892557620, 0.0000000000
-94.4935952421, 14.3380448218, 0.0000000000
-94.4935952421, 14.3380448218, 0.0000000000
-94.4584463453, 14.2707517240, 0.0000000000
-94.4584463453, 14.2707517240, 0.0000000000
-94.4236960360, 14.2040734833, 0.0000000000
-94.4236960360, 14.2040734833, 0.0000000000
-94.5360062203, 14.4190407999, 0.0000000000
-94.5360062203, 14.4190407999, 0.0000000000
-94.5003745640, 14.3510066079, 0.0000000000
-94.5003745640, 14.3510066079, 0.0000000000
-94.6123609777, 14.5643104315, 0.0000000000
-94.6123609777, 14.5643104315, 0.0000000000
-94.6370868034, 14.6112010105, 0.0000000000
-94.6370868034, 14.6112010105, 0.0000000000
-94.6616797651, 14.6577660515, 0.0000000000
-94.6616797651, 14.6577660515, 0.0000000000
-94.5990446427, 14.5390262955, 0.0000000000
-94.5990446427, 14.5390262955, 0.0000000000
-94.7732600303, 14.8681153787, 0.0000000000
-94.7732600303, 14.8681153787, 0.0000000000
-94.7099117310, 14.7488770408, 0.0000000000
-94.7099117310, 14.7488770408, 0.0000000000
-94.7341106194, 14.7944830488, 0.0000000000
-94.7341106194, 14.7944830488, 0.0000000000
-94.6961973534, 14.7229990205, 0.0000000000
-94.6961973534, 14.7229990205, 0.0000000000
-94.7113024798, 14.7515000090, 0.0000000000
-94.7113024798, 14.7515000090, 0.0000000000
-94.7260872684, 14.7793698317, 0.0000000000
-94.7260872684, 14.7793698317, 0.0000000000
-94.5389297755, 14.4246160953, 0.0000000000
-94.5389297755, 14.4246160953, 0.0000000000
-94.4434283825, 14.2419536321, 0.0000000000
-94.4434283825, 14.2419536321, 0.0000000000
-94.3810802705, 14.1221016739, 0.0000000000
-94.3810802705, 14.1221016739, 0.0000000000
-94.2606522922, 13.8892547462, 0.0000000000
-94.2606522922, 13.8892547462, 0.0000000000
-94.2281196362, 13.8260475213, 0.0000000000
-94.2281196362, 13.8260475213, 0.0000000000
-94.2548502051, 13.8779914905, 0.0000000000
-94.2548502051, 13.8779914905, 0.0000000000
-94.2814449101, 13.9295842760, 0.0000000000
-94.2814449101, 13.9295842760, 0.0000000000
-94.2212059956, 13.8125983322, 0.0000000000
-94.2212059956, 13.8125983322, 0.0000000000
-94.2479716173, 13.8646331246, 0.0000000000
-94.2479716173, 13.8646331246, 0.0000000000
-94.2155796802, 13.8016490551, 0.0000000000
-94.2155796802, 13.8016490551, 0.0000000000
-94.2423738026, 13.8537577538, 0.0000000000
-94.2423738026, 13.8537577538, 0.0000000000
-94.2690319875, 13.9055144611, 0.0000000000
-94.2690319875, 13.9055144611, 0.0000000000
-94.3501569482, 14.0624812469, 0.0000000000
-94.3501569482, 14.0624812469, 0.0000000000
-94.2582196445, 13.8845328917, 0.0000000000
-94.2582196445, 13.8845328917, 0.0000000000
-94.3118915456, 13.9885430294, 0.0000000000
-94.3118915456, 13.9885430294, 0.0000000000
-94.2787885040, 13.9244348517, 0.0000000000
-94.2787885040, 13.9244348517, 0.0000000000
-94.2185661470, 13.8074614516, 0.0000000000
-94.2185661470, 13.8074614516, 0.0000000000
-94.7136765762, 14.7559770430, 0.0000000000
-94.7136765762, 14.7559770430, 0.0000000000
-94.9298230539, 15.1607314563, 0.0000000000
-94.9298230539, 15.1607314563, 0.0000000000
-95.0275281875, 15.3418486028, 0.0000000000
-95.0275281875, 15.3418486028, 0.0000000000
-95.2205136639, 15.6962311902, 0.0000000000
-95.2205136639, 15.6962311902, 0.0000000000
-95.4623156199, 16.1340000679, 0.0000000000
-95.4623156199, 16.1340000679, 0.0000000000
-95.5568865175, 16.3033325340, 0.0000000000
-95.5568865175, 16.3033325340, 0.0000000000
-95.6508779186, 16.4705829057, 0.0000000000
-95.6508779186, 16.4705829057, 0.0000000000
-95.8694332218, 16.8554755412, 0.0000000000
-95.8694332218, 16.8554755412, 0.0000000000
-95.9614623455, 17.0158747916, 0.0000000000
-95.9614623455, 17.0158747916, 0.0000000000
-96.0883636407, 17.2354359552, 0.0000000000
-96.0883636407, 17.2354359552, 0.0000000000
-96.1789762818, 17.3910674438, 0.0000000000
-96.1789762818, 17.3910674438, 0.0000000000
-96.6179919723, 18.1316850236, 0.0000000000
-96.6179919723, 18.1316850236, 0.0000000000
-97.0576334791, 18.8512760659, 0.0000000000
-97.0576334791, 18.8512760659, 0.0000000000
-97.3606805429, 19.3345674041, 0.0000000000
-97.3606805429, 19.3345674041, 0.0000000000
-97.9391672733, 20.2286320897, 0.0000000000
-97.9391672733, 20.2286320897, 0.0000000000
-98.5279823320, 21.1007632559, 0.0000000000
-98.5279823320, 21.1007632559, 0.0000000000
-99.9823955479, 23.0948774297, 0.0000000000
-99.9823955479, 23.0948774297, 0.0000000000
-100.8357349120, 24.1613715582, 0.0000000000
-100.8357349120, 24.1613715582, 0.0000000000
-101.6224830210, 25.0785244095, 0.0000000000
-101.6224830210, 25.0785244095, 0.0000000000
-102.5592075603, 26.0893907728, 0.0000000000
-102.5592075603, 26.0893907728, 0.0000000000
-103.3549302193, 26.8800131644, 0.0000000000
-103.3549302193, 26.8800131644, 0.0000000000
-104.2630062624, 27.7070456690, 0.0000000000
-104.2630062624, 27.7070456690, 0.0000000000
-105.0041972213, 28.3233447259, 0.0000000000
-105.0041972213, 28.3233447259, 0.0000000000
-105.6928144455, 28.8490021431, 0.0000000000
-105.6928144455, 28.8490021431, 0.0000000000
-106.2018888246, 29.2086677538, 0.0000000000
-106.2018888246, 29.2086677538, 0.0000000000
-107.0279237433, 29.7399993700, 0.0000000000
-107.0279237433, 29.7399993700, 0.0000000000
-107.4988445655, 30.0139201425, 0.0000000000
-107.4988445655, 30.0139201425, 0.0000000000
-108.2447558759, 30.4044878994, 0.0000000000
-108.2447558759, 30.4044878994, 0.0000000000
-109.0650809272, 30.7721256142, 0.0000000000
-109.0650809272, 30.7721256142, 0.0000000000
-109.8550371403, 31.0638396323, 0.0000000000
-109.8550371403, 31.0638396323, 0.0000000000
-110.3385286329, 31.2115979855, 0.0000000000
-110.3385286329, 31.2115979855, 0.0000000000
-110.7525104940, 31.3191447579, 0.0000000000
-110.7525104940, 31.3191447579, 0.0000000000
-111.0487989335, 31.3851825960, 0.0000000000
-111.0487989335, 31.3851825960, 0.0000000000
-111.1953138493, 31.4144203151, 0.0000000000
-111.1953138493, 31.4144203151, 0.0000000000
-111.4857823753, 31.4656096688, 0.0000000000
-111.4857823753, 31.4656096688, 0.0000000000
-111.7721876915, 31.5071412905, 0.0000000000
-111.7721876915, 31.5071412905, 0.0000000000
-112.3339859414, 31.5621946746, 0.0000000000
-112.3339859414, 31.5621946746, 0.0000000000
-113.0651387702, 31.5794313077, 0.0000000000
-113.0651387702, 31.5794313077, 0.0000000000
-113.4554786807, 31.5622644627, 0.0000000000
-113.4554786807, 31.5622644627, 0.0000000000
-114.2051695166, 31.4746935199, 0.0000000000
-114.2051695166, 31.4746935199, 0.0000000000
-114.5625657150, 31.4062760281, 0.0000000000
-114.5625657150, 31.4062760281, 0.0000000000
-114.6786404462, 31.3801696963, 0.0000000000
-114.6786404462, 31.3801696963, 0.0000000000
-114.8626773169, 31.3347623722, 0.0000000000
-114.8626773169, 31.3347623722, 0.0000000000
-114.9754986624, 31.3044459143, 0.0000000000
-114.9754986624, 31.3044459143, 0.0000000000
-114.9050182726, 31.3236080978, 0.0000000000
-114.9050182726, 31.3236080978, 0.0000000000
-114.8348760325, 31.3419413739, 0.0000000000
-114.8348760325, 31.3419413739, 0.0000000000
-114.6505331038, 31.3866694168, 0.0000000000
-114.6505331038, 31.3866694168, 0.0000000000
-114.3964880509, 31.4402891706, 0.0000000000
-114.3964880509, 31.4402891706, 0.0000000000
-113.7108770840, 31.5406742889, 0.0000000000
-113.7108770840, 31.5406742889, 0.0000000000
-113.0773549144, 31.5791783640, 0.0000000000
-113.0773549144, 31.5791783640, 0.0000000000
-111.4494625569, 31.4597054055, 0.0000000000
-111.4494625569, 31.4597054055, 0.0000000000
-109.9518130815, 31.0953053858, 0.0000000000
-109.9518130815, 31.0953053858, 0.0000000000
-108.5084778823, 30.5297912938, 0.0000000000
-108.5084778823, 30.5297912938, 0.0000000000
-107.4606180242, 29.9924719545, 0.0000000000
-107.4606180242, 29.9924719545, 0.0000000000
-106.7843313872, 29.5900401359, 0.0000000000
-106.7843313872, 29.5900401359, 0.0000000000
-106.4503969772, 29.3753189659, 0.0000000000
-106.4503969772, 29.3753189659, 0.0000000000
-106.1198787653, 29.1523869165, 0.0000000000
-106.1198787653, 29.1523869165, 0.0000000000
-105.9564468806, 29.0383280386, 0.0000000000
-105.9564468806, 29.0383280386, 0.0000000000
-105.7907310091, 28.9200897197, 0.0000000000
-105.7907310091, 28.9200897197, 0.0000000000
-105.4589270134, 28.6755172470, 0.0000000000
-105.4589270134, 28.6755172470, 0.0000000000
-105.1354978118, 28.4270527168, 0.0000000000
-105.1354978118, 28.4270527168, 0.0000000000
-104.9694517218, 28.2956261477, 0.0000000000
-104.9694517218, 28.2956261477, 0.0000000000
-104.4712278250, 27.8854903255, 0.0000000000
-104.4712278250, 27.8854903255, 0.0000000000
-103.4769156820, 26.9957510752, 0.0000000000
-103.4769156820, 26.9957510752, 0.0000000000
-101.8378928593, 25.3187349573, 0.0000000000
-101.8378928593, 25.3187349573, 0.0000000000
-100.4016740708, 23.6283031097, 0.0000000000
-100.4016740708, 23.6283031097, 0.0000000000
-98.7151972975, 21.3701448006, 0.0000000000
-98.7151972975, 21.3701448006, 0.0000000000
-97.2708373199, 19.1923644806, 0.0000000000
-97.2708373199, 19.1923644806, 0.0000000000
-96.1091863460, 17.2712841686, 0.0000000000
-96.1091863460, 17.2712841686, 0.0000000000
-95.2957954265, 15.8332685389, 0.0000000000
-95.2957954265, 15.8332685389, 0.0000000000
-94.8389257081, 14.9912040147, 0.0000000000
-94.8389257081, 14.9912040147, 0.0000000000
-94.6230994277, 14.5846841685, 0.0000000000
-94.6230994277, 14.5846841685, 0.0000000000
-94.5078374828, 14.3652689170, 0.0000000000
-94.5078374828, 14.3652689170, 0.0000000000
-94.2932094457, 13.9523793406, 0.0000000000
-94.2932094457, 13.9523793406, 0.0000000000
-94.1809336637, 13.7341390931, 0.0000000000
-94.1809336637, 13.7341390931, 0.0000000000
-93.9676570363, 13.3152901949, 0.0000000000
-93.9676570363, 13.3152901949, 0.0000000000
-93.7553540398, 12.8927406861, 0.0000000000
-93.7553540398, 12.8927406861, 0.0000000000
-93.3323986788, 12.0340494461, 0.0000000000
-93.3323986788, 12.0340494461, 0.0000000000
-92.4939925137, 10.2640257018, 0.0000000000
-92.4939925137, 10.2640257018, 0.0000000000
-91.1629066762, 7.2595118947, 0.0000000000
-91.1629066762, 7.2595118947, 0.0000000000
-89.9156849025, 4.2076890833, 0.0000000000
-89.9156849025, 4.2076890833, 0.0000000000
-88.6733255276, 0.9009069241, 0.0000000000
-88.6733255276, 0.9009069241, 0.0000000000
-87.9311517327, -1.2316281631, 0.0000000000
-87.9311517327, -1.2316281631, 0.0000000000
-87.1375814546, -3.6827759113, 0.0000000000
-87.1375814546, -3.6827759113, 0.0000000000
-86.3999369201, -6.1810822342, 0.0000000000
-86.3999369201, -6.1810822342, 0.0000000000
-85.6345872883, -9.1347015768, 0.0000000000
-85.6345872883, -9.1347015768, 0.0000000000
-85.2105464053, -11.0540906440, 0.0000000000
-85.2105464053, -11.0540906440, 0.0000000000
-84.9181859349, -12.6036162161, 0.0000000000
-84.9181859349, -12.6036162161, 0.0000000000
-84.6845255977, -14.1034014352, 0.0000000000
-84.6845255977, -14.1034014352, 0.0000000000
-84.4609836704, -16.1157640888, 0.0000000000
-84.4609836704, -16.1157640888, 0.0000000000
-84.3634666991, -18.0966001689, 0.0000000000
-84.3634666991, -18.0966001689, 0.0000000000
-84.4991534758, -20.9090912274, 0.0000000000
-84.4991534758, -20.9090912274, 0.0000000000
-85.0670269751, -23.6351565702, 0.0000000000
-85.0670269751, -23.6351565702, 0.0000000000
-86.1843444670, -26.1244643240, 0.0000000000
-86.1843444670, -26.1244643240, 0.0000000000
-88.0139168314, -28.2860896267, 0.0000000000
-88.0139168314, -28.2860896267, 0.0000000000
-90.2790320979, -29.7270513570, 0.0000000000
-90.2790320979, -29.7270513570, 0.0000000000
-92.9211647212, -30.5339054309, 0.0000000000
-92.9211647212, -30.5339054309, 0.0000000000
-97.2040137165, -30.6224804424, 0.0000000000
-97.2040137165, -30.6224804424, 0.0000000000
-100.5301064056, -29.9154697175, 0.0000000000
-100.5301064056, -29.9154697175, 0.0000000000
-103.3378317187, -28.8536882893, 0.0000000000
-103.3378317187, -28.8536882893, 0.0000000000
-106.5242888374, -27.1328134560, 0.0000000000
-106.5242888374, -27.1328134560, 0.0000000000
-109.5333714011, -24.9606338420, 0.0000000000
-109.5333714011, -24.9606338420, 0.0000000000
-111.5059740247, -23.2046672896, 0.0000000000
-111.5059740247, -23.2046672896, 0.0000000000
-113.3103390884, -21.3249145514, 0.0000000000
-113.3103390884, -21.3249145514, 0.0000000000
-114.2401619484, -20.2370707565, 0.0000000000
-114.2401619484, -20.2370707565, 0.0000000000
-114.6653582909, -19.7090737858, 0.0000000000
-114.6653582909, -19.7090737858, 0.0000000000
-115.0710597740, -19.1859688256, 0.0000000000
-115.0710597740, -19.1859688256, 0.0000000000
-115.5229467864, -18.5796906536, 0.0000000000
-115.5229467864, -18.5796906536, 0.0000000000
-115.8586814655, -18.1121169526, 0.0000000000
-115.8586814655, -18.1121169526, 0.0000000000
-116.3470820294, -17.4039679387, 0.0000000000
-116.3470820294, -17.4039679387, 0.0000000000
-117.2704167752, -15.9646098282, 0.0000000000
-117.2704167752, -15.9646098282, 0.0000000000
-118.3553637599, -14.0739849684, 0.0000000000
-118.3553637599, -14.0739849684, 0.0000000000
-120.1254512854, -10.3511480661, 0.0000000000
-120.1254512854, -10.3511480661, 0.0000000000
-121.3966608080, -6.8944581457, 0.0000000000
-121.3966608080, -6.8944581457, 0.0000000000
-122.5362137126, -2.6591056914, 0.0000000000
-122.5362137126, -2.6591056914, 0.0000000000
-123.2964185938, 1.7731574396, 0.0000000000
-123.2964185938, 1.7731574396, 0.0000000000
-123.6787353807, 6.6107610537, 0.0000000000
-123.6787353807, 6.6107610537, 0.0000000000
-123.6827422672, 10.3975559827, 0.0000000000
-123.6827422672, 10.3975559827, 0.0000000000
-123.4631321075, 13.9783195293, 0.0000000000
-123.4631321075, 13.9783195293, 0.0000000000
-123.1971041493, 16.3566653347, 0.0000000000
-123.1971041493, 16.3566653347, 0.0000000000
-122.7767154829, 19.0036117158, 0.0000000000
-122.7767154829, 19.0036117158, 0.0000000000
-122.1074073818, 21.9764395567, 0.0000000000
-122.1074073818, 21.9764395567, 0.0000000000
-121.6074419130, 23.6350973489, 0.0000000000
-121.6074419130, 23.6350973489, 0.0000000000
-120.9967243508, 25.2423566420, 0.0000000000
-120.9967243508, 25.2423566420, 0.0000000000
-120.0483440984, 27.1191318714, 0.0000000000
-120.0483440984, 27.1191318714, 0.0000000000
-118.9608364879, 28.6564779358, 0.0000000000
-118.9608364879, 28.6564779358, 0.0000000000
-117.5442199070, 30.0173977505, 0.0000000000
-117.5442199070, 30.0173977505, 0.0000000000
-116.0921395996, 30.8954348104, 0.0000000000
-116.0921395996, 30.8954348104, 0.0000000000
-114.5415921634, 31.4107871047, 0.0000000000
-114.5415921634, 31.4107871047, 0.0000000000
-112.8310500042, 31.5807957547, 0.0000000000
-112.8310500042, 31.5807957547, 0.0000000000
-111.5637886421, 31.4778075908, 0.0000000000
-111.5637886421, 31.4778075908, 0.0000000000
-110.0206826636, 31.1171237300, 0.0000000000
-110.0206826636, 31.1171237300, 0.0000000000
-108.8566427475, 30.6849076883, 0.0000000000
-108.8566427475, 30.6849076883, 0.0000000000
-106.8659058243, 29.6408857319, 0.0000000000
-106.8659058243, 29.6408857319, 0.0000000000
-105.3469393763, 28.5906117554, 0.0000000000
-105.3469393763, 28.5906117554, 0.0000000000
-103.4230883592, 26.9448588009, 0.0000000000
-103.4230883592, 26.9448588009, 0.0000000000
-101.6710684530, 25.1331104740, 0.0000000000
-101.6710684530, 25.1331104740, 0.0000000000
-100.0960047204, 23.2412239116, 0.0000000000
-100.0960047204, 23.2412239116, 0.0000000000
-98.4988577897, 21.0585147351, 0.0000000000
-98.4988577897, 21.0585147351, 0.0000000000
-97.6215818014, 19.7424019800, 0.0000000000
-97.6215818014, 19.7424019800, 0.0000000000
-96.8065176592, 18.4429483143, 0.0000000000
-96.8065176592, 18.4429483143, 0.0000000000
-96.5216018790, 17.9709726739, 0.0000000000
-96.5216018790, 17.9709726739, 0.0000000000
-96.0844835538, 17.2287504681, 0.0000000000
-96.0844835538, 17.2287504681, 0.0000000000
-95.7910740276, 16.7181223356, 0.0000000000
-95.7910740276, 16.7181223356, 0.0000000000
-95.1795512149, 15.6213827844, 0.0000000000
-95.1795512149, 15.6213827844, 0.0000000000
-94.3027458406, 13.9708446719, 0.0000000000
-94.3027458406, 13.9708446719, 0.0000000000
-93.9358620169, 13.2523657705, 0.0000000000
-93.9358620169, 13.2523657705, 0.0000000000
-93.6009320920, 12.5818483179, 0.0000000000
-93.6009320920, 12.5818483179, 0.0000000000
-93.3896784321, 12.1516659620, 0.0000000000
-93.3896784321, 12.1516659620, 0.0000000000
-93.2859494699, 11.9383649264, 0.0000000000
-93.2859494699, 11.9383649264, 0.0000000000
-92.9701155734, 11.2804131320, 0.0000000000
-92.9701155734, 11.2804131320, 0.0000000000
-92.7524422070, 10.8194333110, 0.0000000000
-92.7524422070, 10.8194333110, 0.0000000000
-92.6433996940, 10.5861763434, 0.0000000000
-92.6433996940, 10.5861763434, 0.0000000000
-92.2190555763, 9.6634322394, 0.0000000000
-92.2190555763, 9.6634322394, 0.0000000000
-91.7700795816, 8.6605980776, 0.0000000000
-91.7700795816, 8.6605980776, 0.0000000000
-90.8898643924, 6.6119999233, 0.0000000000
-90.8898643924, 6.6119999233, 0.0000000000
-90.0151745833, 4.4602947784, 0.0000000000
-90.0151745833, 4.4602947784, 0.0000000000
-89.1565949305, 2.2226237620, 0.0000000000
-89.1565949305, 2.2226237620, 0.0000000000
-87.9534283994, -1.1655877958, 0.0000000000
-87.9534283994, -1.1655877958, 0.0000000000
-86.9161864256, -4.4063654599, 0.0000000000
-86.9161864256, -4.4063654599, 0.0000000000
-85.7400147177, -8.6964598837, 0.0000000000
-85.7400147177, -8.6964598837, 0.0000000000
-84.6204640824, -14.5893094375, 0.0000000000
-84.6204640824, -14.5893094375, 0.0000000000
-84.5533510386, -21.3244568866, 0.0000000000
-84.5533510386, -21.3244568866, 0.0000000000
-85.0262151493, -23.5023270633, 0.0000000000
-85.0262151493, -23.5023270633, 0.0000000000
-85.6159210796, -25.0627939471, 0.0000000000
-85.6159210796, -25.0627939471, 0.0000000000
-86.1951252971, -26.1419694640, 0.0000000000
-86.1951252971, -26.1419694640, 0.0000000000
-86.9902353409, -27.2458967405, 0.0000000000
-86.9902353409, -27.2458967405, 0.0000000000
-87.8333571334, -28.1258304503, 0.0000000000
-87.8333571334, -28.1258304503, 0.0000000000
-88.7199168216, -28.8375243541, 0.0000000000
-88.7199168216, -28.8375243541, 0.0000000000
-89.9704635126, -29.5806874269, 0.0000000000
-89.9704635126, -29.5806874269, 0.0000000000
-91.0163185296, -30.0273464028, 0.0000000000
-91.0163185296, -30.0273464028, 0.0000000000
-91.6041026058, -30.2219599124, 0.0000000000
-91.6041026058, -30.2219599124, 0.0000000000
-92.0727668496, -30.3515629654, 0.0000000000
-92.0727668496, -30.3515629654, 0.0000000000
-93.4274801208, -30.6132273628, 0.0000000000
-93.4274801208, -30.6132273628, 0.0000000000
-94.3727058044, -30.7075149936, 0.0000000000
-94.3727058044, -30.7075149936, 0.0000000000
-95.3837288492, -30.7370333117, 0.0000000000
-95.3837288492, -30.7370333117, 0.0000000000
-96.1758468170, -30.7125741215, 0.0000000000
-96.1758468170, -30.7125741215, 0.0000000000
-96.5722207763, -30.6854584979, 0.0000000000
-96.5722207763, -30.6854584979, 0.0000000000
-97.0769348530, -30.6370662319, 0.0000000000
-97.0769348530, -30.6370662319, 0.0000000000
-97.2845271388, -30.6127455185, 0.0000000000
-97.2845271388, -30.6127455185, 0.0000000000
-97.3745647460, -30.6014075714, 0.0000000000
-97.3745647460, -30.6014075714, 0.0000000000
-98.0060132251, -30.5086627871, 0.0000000000
-98.0060132251, -30.5086627871, 0.0000000000
-98.4351697956, -30.4326246729, 0.0000000000
-98.4351697956, -30.4326246729, 0.0000000000
-99.5251896123, -30.1933728596, 0.0000000000
-99.5251896123, -30.1933728596, 0.0000000000
-100.0463743576, -30.0560300121, 0.0000000000
-100.0463743576, -30.0560300121, 0.0000000000
-101.4901878848, -29.5995051070, 0.0000000000
-101.4901878848, -29.5995051070, 0.0000000000
-102.4174916629, -29.2478676967, 0.0000000000
-102.4174916629, -29.2478676967, 0.0000000000
-102.9769727759, -29.0136250484, 0.0000000000
-102.9769727759, -29.0136250484, 0.0000000000
-103.7904006484, -28.6432397294, 0.0000000000
-103.7904006484, -28.6432397294, 0.0000000000
-104.3973294626, -28.3436516429, 0.0000000000
-104.3973294626, -28.3436516429, 0.0000000000
-105.2853593105, -27.8689817213, 0.0000000000
-105.2853593105, -27.8689817213, 0.0000000000
-105.9376398610, -27.4923119752, 0.0000000000
-105.9376398610, -27.4923119752, 0.0000000000
-106.8402196023, -26.9309205022, 0.0000000000
-106.8402196023, -26.9309205022, 0.0000000000
-107.3035151470, -26.6241590314, 0.0000000000
-107.3035151470, -26.6241590314, 0.0000000000
-107.9986434750, -26.1394891686, 0.0000000000
-107.9986434750, -26.1394891686, 0.0000000000
-108.9095631720, -25.4584189044, 0.0000000000
-108.9095631720, -25.4584189044, 0.0000000000
-109.1347100156, -25.2817681302, 0.0000000000
-109.1347100156, -25.2817681302, 0.0000000000
-109.5818301514, -24.9208610649, 0.0000000000
-109.5818301514, -24.9208610649, 0.0000000000
-110.5124063707, -24.1250500385, 0.0000000000
-110.5124063707, -24.1250500385, 0.0000000000
-111.3696805719, -23.3354558318, 0.0000000000
-111.3696805719, -23.3354558318, 0.0000000000
-111.8716790926, -22.8463198052, 0.0000000000
-111.8716790926, -22.8463198052, 0.0000000000
-112.5312148644, -22.1717279664, 0.0000000000
-112.5312148644, -22.1717279664, 0.0000000000
-112.9816533425, -21.6890089396, 0.0000000000
-112.9816533425, -21.6890089396, 0.0000000000
-113.4272796401, -21.1928824876, 0.0000000000
-113.4272796401, -21.1928824876, 0.0000000000
-113.8675266880, -20.6836684115, 0.0000000000
-113.8675266880, -20.6836684115, 0.0000000000
-114.5466693719, -19.8584923791, 0.0000000000
-114.5466693719, -19.8584923791, 0.0000000000
-115.3220232629, -18.8524371377, 0.0000000000
-115.3220232629, -18.8524371377, 0.0000000000
-115.7320688892, -18.2902251949, 0.0000000000
-115.7320688892, -18.2902251949, 0.0000000000
-115.9704018709, -17.9531268597, 0.0000000000
-115.9704018709, -17.9531268597, 0.0000000000
-116.7466608835, -16.7981341190, 0.0000000000
-116.7466608835, -16.7981341190, 0.0000000000
-117.9604733978, -14.7901265867, 0.0000000000
-117.9604733978, -14.7901265867, 0.0000000000
-119.3504608090, -12.0992488528, 0.0000000000
-119.3504608090, -12.0992488528, 0.0000000000
-120.4028833010, -9.6688319676, 0.0000000000
-120.4028833010, -9.6688319676, 0.0000000000
-121.2646523886, -7.2989429413, 0.0000000000
-121.2646523886, -7.2989429413, 0.0000000000
-121.6213556370, -6.1740706419, 0.0000000000
-121.6213556370, -6.1740706419, 0.0000000000
-122.0756210889, -4.5686799892, 0.0000000000
-122.0756210889, -4.5686799892, 0.0000000000
-122.3602169791, -3.4307884624, 0.0000000000
-122.3602169791, -3.4307884624, 0.0000000000
-122.5203207854, -2.7312991048, 0.0000000000
-122.5203207854, -2.7312991048, 0.0000000000
-122.6162621907, -2.2870757144, 0.0000000000
-122.6162621907, -2.2870757144, 0.0000000000
-122.6705491971, -2.0262361729, 0.0000000000
-122.6705491971, -2.0262361729, 0.0000000000
-122.7758581892, -1.4982174953, 0.0000000000
-122.7758581892, -1.4982174953, 0.0000000000
-122.8762369523, -0.9639852852, 0.0000000000
-122.8762369523, -0.9639852852, 0.0000000000
-122.9715149066, -0.4238079514, 0.0000000000
-122.9715149066, -0.4238079514, 0.0000000000
-123.2276175350, 1.2472304502, 0.0000000000
-123.2276175350, 1.2472304502, 0.0000000000
-123.4314081331, 2.9591911886, 0.0000000000
-123.4314081331, 2.9591911886, 0.0000000000
-123.5717834959, 4.5786701807, 0.0000000000
-123.5717834959, 4.5786701807, 0.0000000000
-123.6269518412, 5.4509067001, 0.0000000000
-123.6269518412, 5.4509067001, 0.0000000000
-123.6682834404, 6.3262159681, 0.0000000000
-123.6682834404, 6.3262159681, 0.0000000000
-123.6982811608, 7.3101401174, 0.0000000000
-123.6982811608, 7.3101401174, 0.0000000000
-123.7117194119, 8.4794212582, 0.0000000000
-123.7117194119, 8.4794212582, 0.0000000000
-123.7117438280, 8.6098352058, 0.0000000000
-123.7117438280, 8.6098352058, 0.0000000000
-123.7111591506, 8.8214815220, 0.0000000000
-123.7111591506, 8.8214815220, 0.0000000000
-123.7075579244, 9.2551406157, 0.0000000000
-123.7075579244, 9.2551406157, 0.0000000000
-123.6679134850, 10.8218677065, 0.0000000000
-123.6679134850, 10.8218677065, 0.0000000000
-123.5553339431, 12.8516257069, 0.0000000000
-123.5553339431, 12.8516257069, 0.0000000000
-123.3015572892, 15.5238345958, 0.0000000000
-123.3015572892, 15.5238345958, 0.0000000000
-122.8432801460, 18.6388637591, 0.0000000000
-122.8432801460, 18.6388637591, 0.0000000000
-122.3920069103, 20.8427226508, 0.0000000000
-122.3920069103, 20.8427226508, 0.0000000000
-121.9023772373, 22.7017874230, 0.0000000000
-121.9023772373, 22.7017874230, 0.0000000000
-121.3266653648, 24.4222866644, 0.0000000000
-121.3266653648, 24.4222866644, 0.0000000000
-120.9250006170, 25.4074625178, 0.0000000000
-120.9250006170, 25.4074625178, 0.0000000000
-120.5571864509, 26.1896887843, 0.0000000000
-120.5571864509, 26.1896887843, 0.0000000000
-120.3056677184, 26.6691631816, 0.0000000000
-120.3056677184, 26.6691631816, 0.0000000000
-119.9654207593, 27.2561322029, 0.0000000000
-119.9654207593, 27.2561322029, 0.0000000000
-119.6314940765, 27.7718990978, 0.0000000000
-119.6314940765, 27.7718990978, 0.0000000000
-118.9495918657, 28.6697909248, 0.0000000000
-118.9495918657, 28.6697909248, 0.0000000000
-116.8334152834, 30.5020436040, 0.0000000000
-116.8334152834, 30.5020436040, 0.0000000000
-115.1186157698, 31.2632210131, 0.0000000000
-115.1186157698, 31.2632210131, 0.0000000000
-113.3339207235, 31.5696375746, 0.0000000000
-113.3339207235, 31.5696375746, 0.0000000000
-111.5759074523, 31.4796433166, 0.0000000000
-111.5759074523, 31.4796433166, 0.0000000000
-110.1233831748, 31.1487705367, 0.0000000000
-110.1233831748, 31.1487705367, 0.0000000000
-109.2475030150, 30.8449666672, 0.0000000000
-109.2475030150, 30.8449666672, 0.0000000000
-108.9048357293, 30.7054503519, 0.0000000000
-108.9048357293, 30.7054503519, 0.0000000000
-108.4283047003, 30.4924083542, 0.0000000000
-108.4283047003, 30.4924083542, 0.0000000000
-107.9464113882, 30.2546647303, 0.0000000000
-107.9464113882, 30.2546647303, 0.0000000000
-107.6065141233, 30.0735827243, 0.0000000000
-107.6065141233, 30.0735827243, 0.0000000000
-106.9411099875, 29.6872013539, 0.0000000000
-106.9411099875, 29.6872013539, 0.0000000000
-106.6121573570, 29.4806517362, 0.0000000000
-106.6121573570, 29.4806517362, 0.0000000000
-105.9460672995, 29.0309986394, 0.0000000000
-105.9460672995, 29.0309986394, 0.0000000000
-105.4485312955, 28.6676857114, 0.0000000000
-105.4485312955, 28.6676857114, 0.0000000000
-104.7928882994, 28.1529920631, 0.0000000000
-104.7928882994, 28.1529920631, 0.0000000000
-103.9781763408, 27.4562038557, 0.0000000000
-103.9781763408, 27.4562038557, 0.0000000000
-103.3171036843, 26.8438300563, 0.0000000000
-103.3171036843, 26.8438300563, 0.0000000000
-103.0181413207, 26.5529492879, 0.0000000000
-103.0181413207, 26.5529492879, 0.0000000000
-102.8544407570, 26.3899720321, 0.0000000000
-102.8544407570, 26.3899720321, 0.0000000000
-102.5278529507, 26.0569638793, 0.0000000000
-102.5278529507, 26.0569638793, 0.0000000000
-101.8785083957, 25.3635054640, 0.0000000000
-101.8785083957, 25.3635054640, 0.0000000000
-101.3970986905, 24.8221939616, 0.0000000000
-101.3970986905, 24.8221939616, 0.0000000000
-101.0793550392, 24.4520936733, 0.0000000000
-101.0793550392, 24.4520936733, 0.0000000000
-100.7640570378, 24.0746796605, 0.0000000000
-100.7640570378, 24.0746796605, 0.0000000000
-100.2953360624, 23.4947442500, 0.0000000000
-100.2953360624, 23.4947442500, 0.0000000000
-99.8329323060, 22.9002889277, 0.0000000000
-99.8329323060, 22.9002889277, 0.0000000000
-99.6808218638, 22.6998465989, 0.0000000000
-99.6808218638, 22.6998465989, 0.0000000000
-99.3783879656, 22.2940653576, 0.0000000000
-99.3783879656, 22.2940653576, 0.0000000000
-98.9299567939, 21.6744980502, 0.0000000000
-98.9299567939, 21.6744980502, 0.0000000000
-98.6357875179, 21.2563464326, 0.0000000000
-98.6357875179, 21.2563464326, 0.0000000000
-98.3451046778, 20.8339489003, 0.0000000000
-98.3451046778, 20.8339489003, 0.0000000000
-97.9076824989, 20.1809264659, 0.0000000000
-97.9076824989, 20.1809264659, 0.0000000000
-97.6262135887, 19.7495737234, 0.0000000000
-97.6262135887, 19.7495737234, 0.0000000000
-97.3485250381, 19.3153807348, 0.0000000000
-97.3485250381, 19.3153807348, 0.0000000000
-96.9927021551, 18.7463789464, 0.0000000000
-96.9927021551, 18.7463789464, 0.0000000000
-96.8581831680, 18.5275435333, 0.0000000000
-96.8581831680, 18.5275435333, 0.0000000000
-96.1563513639, 17.3522971992, 0.0000000000
-96.1563513639, 17.3522971992, 0.0000000000
-95.2166629166, 15.6892034460, 0.0000000000
-95.2166629166, 15.6892034460, 0.0000000000
-94.5474249952, 14.4408108072, 0.0000000000
-94.5474249952, 14.4408108072, 0.0000000000
-93.4750482761, 12.3261877195, 0.0000000000
-93.4750482761, 12.3261877195, 0.0000000000
-92.1396303499, 9.4880347857, 0.0000000000
-92.1396303499, 9.4880347857, 0.0000000000
-90.6914832041, 6.1345184051, 0.0000000000
-90.6914832041, 6.1345184051, 0.0000000000
-88.8713293434, 1.4483018927, 0.0000000000
-88.8713293434, 1.4483018927, 0.0000000000
-87.2575472668, -3.2986943051, 0.0000000000
-87.2575472668, -3.2986943051, 0.0000000000
-86.1101178537, -7.2442488294, 0.0000000000
-86.1101178537, -7.2442488294, 0.0000000000
-85.4974896753, -9.7248667847, 0.0000000000
-85.4974896753, -9.7248667847, 0.0000000000
-85.2010703999, -11.1006692425, 0.0000000000
-85.2010703999, -11.1006692425, 0.0000000000
-85.0114655231, -12.0804458772, 0.0000000000
-85.0114655231, -12.0804458772, 0.0000000000
-84.9561686908, -12.3866623202, 0.0000000000
-84.9561686908, -12.3866623202, 0.0000000000
-84.8518485518, -12.9974111325, 0.0000000000
-84.8518485518, -12.9974111325, 0.0000000000
-84.7162507545, -13.8780533429, 0.0000000000
-84.7162507545, -13.8780533429, 0.0000000000
-84.4600993481, -16.1265445688, 0.0000000000
-84.4600993481, -16.1265445688, 0.0000000000
-84.3634070492, -18.7740159053, 0.0000000000
-84.3634070492, -18.7740159053, 0.0000000000
-84.6569363050, -21.9612144044, 0.0000000000
-84.6569363050, -21.9612144044, 0.0000000000
-84.9498642724, -23.2390251724, 0.0000000000
-84.9498642724, -23.2390251724, 0.0000000000
-85.2515987735, -24.1800914528, 0.0000000000
-85.2515987735, -24.1800914528, 0.0000000000
-85.4225845913, -24.6206315548, 0.0000000000
-85.4225845913, -24.6206315548, 0.0000000000
-85.6437254317, -25.1222985757, 0.0000000000
-85.6437254317, -25.1222985757, 0.0000000000
-85.8820346292, -25.5971175161, 0.0000000000
-85.8820346292, -25.5971175161, 0.0000000000
-86.7071858151, -26.8903503308, 0.0000000000
-86.7071858151, -26.8903503308, 0.0000000000
-87.4298861817, -27.7342280412, 0.0000000000
-87.4298861817, -27.7342280412, 0.0000000000
-88.8933670364, -28.9568318589, 0.0000000000
-88.8933670364, -28.9568318589, 0.0000000000
-91.0713779417, -30.0471797293, 0.0000000000
-91.0713779417, -30.0471797293, 0.0000000000
-93.0602358604, -30.5577973618, 0.0000000000
-93.0602358604, -30.5577973618, 0.0000000000
-96.1320715542, -30.7149702658, 0.0000000000
-96.1320715542, -30.7149702658, 0.0000000000
-99.3269303448, -30.2417489142, 0.0000000000
-99.3269303448, -30.2417489142, 0.0000000000
-102.8468293415, -29.0696004281, 0.0000000000
-102.8468293415, -29.0696004281, 0.0000000000
-106.1175626003, -27.3841630425, 0.0000000000
-106.1175626003, -27.3841630425, 0.0000000000
-109.4015372874, -25.0680232575, 0.0000000000
-109.4015372874, -25.0680232575, 0.0000000000
-112.4282374911, -22.2795299740, 0.0000000000
-112.4282374911, -22.2795299740, 0.0000000000
-114.4827428749, -19.9383101406, 0.0000000000
-114.4827428749, -19.9383101406, 0.0000000000
-116.0571003754, -17.8285408835, 0.0000000000
-116.0571003754, -17.8285408835, 0.0000000000
-118.4463049342, -13.9040696723, 0.0000000000
-118.4463049342, -13.9040696723, 0.0000000000
-119.5338349634, -11.7044342388, 0.0000000000
-119.5338349634, -11.7044342388, 0.0000000000
-120.1102250107, -10.3876463449, 0.0000000000
-120.1102250107, -10.3876463449, 0.0000000000
-120.7036043476, -8.8888727556, 0.0000000000
-120.7036043476, -8.8888727556, 0.0000000000
-121.2736154828, -7.2718867260, 0.0000000000
-121.2736154828, -7.2718867260, 0.0000000000
-121.8753181130, -5.3041913910, 0.0000000000
-121.8753181130, -5.3041913910, 0.0000000000
-122.2568803684, -3.8581400238, 0.0000000000
-122.2568803684, -3.8581400238, 0.0000000000
-122.5748534926, -2.4813188876, 0.0000000000
-122.5748534926, -2.4813188876, 0.0000000000
-122.8941268125, -0.8651924238, 0.0000000000
-122.8941268125, -0.8651924238, 0.0000000000
-123.2095212522, 1.1155719420, 0.0000000000
-123.2095212522, 1.1155719420, 0.0000000000
-123.4200530277, 2.8492314559, 0.0000000000
-123.4200530277, 2.8492314559, 0.0000000000
-123.6692301488, 6.3504462704, 0.0000000000
-123.6692301488, 6.3504462704, 0.0000000000
-123.7114683308, 8.7422628015, 0.0000000000
-123.7114683308, 8.7422628015, 0.0000000000
-123.5784949664, 12.5189411768, 0.0000000000
-123.5784949664, 12.5189411768, 0.0000000000
-123.1101012670, 16.9834895729, 0.0000000000
-123.1101012670, 16.9834895729, 0.0000000000
-122.4648404885, 20.5248246378, 0.0000000000
-122.4648404885, 20.5248246378, 0.0000000000
-121.9191722678, 22.6449075366, 0.0000000000
-121.9191722678, 22.6449075366, 0.0000000000
-121.2863733140, 24.5281332913, 0.0000000000
-121.2863733140, 24.5281332913, 0.0000000000
-120.8817863954, 25.5048482741, 0.0000000000
-120.8817863954, 25.5048482741, 0.0000000000
-120.3725915411, 26.5456028959, 0.0000000000
-120.3725915411, 26.5456028959, 0.0000000000
-120.0623322200, 27.0956505101, 0.0000000000
-120.0623322200, 27.0956505101, 0.0000000000
-119.6418554559, 27.7567142256, 0.0000000000
-119.6418554559, 27.7567142256, 0.0000000000
-119.0404965146, 28.5608282782, 0.0000000000
-119.0404965146, 28.5608282782, 0.0000000000
-118.5015845100, 29.1643713659, 0.0000000000
-118.5015845100, 29.1643713659, 0.0000000000
-118.0440569549, 29.6037495066, 0.0000000000
-118.0440569549, 29.6037495066, 0.0000000000
-117.6604779540, 29.9269194428, 0.0000000000
-117.6604779540, 29.9269194428, 0.0000000000
-117.2775536690, 30.2126167314, 0.0000000000
-117.2775536690, 30.2126167314, 0.0000000000
-116.8078949392, 30.5173907236, 0.0000000000
-116.8078949392, 30.5173907236, 0.0000000000
-115.9941266282, 30.9397392081, 0.0000000000
-115.9941266282, 30.9397392081, 0.0000000000
-115.0602977068, 31.2803966575, 0.0000000000
-115.0602977068, 31.2803966575, 0.0000000000
-113.9264056832, 31.5158936857, 0.0000000000
-113.9264056832, 31.5158936857, 0.0000000000
-112.5959330735, 31.5755938690, 0.0000000000
-112.5959330735, 31.5755938690, 0.0000000000
-111.3312240972, 31.4394988992, 0.0000000000
-111.3312240972, 31.4394988992, 0.0000000000
-110.4750658825, 31.2490193079, 0.0000000000
-110.4750658825, 31.2490193079, 0.0000000000
-109.3337739602, 30.8782749856, 0.0000000000
-109.3337739602, 30.8782749856, 0.0000000000
-107.7425158670, 30.1473637288, 0.0000000000
-107.7425158670, 30.1473637288, 0.0000000000
-106.8736722221, 29.6456936362, 0.0000000000
-106.8736722221, 29.6456936362, 0.0000000000
-105.5337160327, 28.7315564549, 0.0000000000
-105.5337160327, 28.7315564549, 0.0000000000
-104.0782214499, 27.5452000733, 0.0000000000
-104.0782214499, 27.5452000733, 0.0000000000
-102.3301357740, 25.8502470289, 0.0000000000
-102.3301357740, 25.8502470289, 0.0000000000
-100.9918233840, 24.3483358971, 0.0000000000
-100.9918233840, 24.3483358971, 0.0000000000
-99.9944707510, 23.1104962235, 0.0000000000
-99.9944707510, 23.1104962235, 0.0000000000
-98.7434289983, 21.4104380871, 0.0000000000
-98.7434289983, 21.4104380871, 0.0000000000
-97.6509842881, 19.7878875628, 0.0000000000
-97.6509842881, 19.7878875628, 0.0000000000
-96.9722679936, 18.7132687364, 0.0000000000
-96.9722679936, 18.7132687364, 0.0000000000
-96.2517546743, 17.5153794436, 0.0000000000
-96.2517546743, 17.5153794436, 0.0000000000
-95.3138665632, 15.8660636334, 0.0000000000
-95.3138665632, 15.8660636334, 0.0000000000
-93.9994402820, 13.3780657929, 0.0000000000
-93.9994402820, 13.3780657929, 0.0000000000
-93.5526226142, 12.4839721496, 0.0000000000
-93.5526226142, 12.4839721496, 0.0000000000
-93.2375960094, 11.8384648374, 0.0000000000
-93.2375960094, 11.8384648374, 0.0000000000
-93.0334141136, 11.4133081327, 0.0000000000
-93.0334141136, 11.4133081327, 0.0000000000
-92.8332813925, 10.9913526964, 0.0000000000
-92.8332813925, 10.9913526964, 0.0000000000
-92.7350806814, 10.7823991904, 0.0000000000
-92.7350806814, 10.7823991904, 0.0000000000
-92.6378764882, 10.5743197960, 0.0000000000
-92.6378764882, 10.5743197960, 0.0000000000
-92.7343643259, 10.7808702730, 0.0000000000
-92.7343643259, 10.7808702730, 0.0000000000
-92.7216105622, 10.7536386412, 0.0000000000
-92.7216105622, 10.7536386412, 0.0000000000
-92.7086817345, 10.7260114102, 0.0000000000
-92.7086817345, 10.7260114102, 0.0000000000
-92.6955755283, 10.6979827236, 0.0000000000
-92.6955755283, 10.6979827236, 0.0000000000
-92.7926537826, 10.9050574873, 0.0000000000
-92.7926537826, 10.9050574873, 0.0000000000
-92.8907205191, 11.1129888401, 0.0000000000
-92.8907205191, 11.1129888401, 0.0000000000
-92.7821669282, 10.8827478049, 0.0000000000
-92.7821669282, 10.8827478049, 0.0000000000
-92.8801271810, 11.0905881634, 0.0000000000
-92.8801271810, 11.0905881634, 0.0000000000
-92.9790793489, 11.2992640764, 0.0000000000
-92.9790793489, 11.2992640764, 0.0000000000
-93.0790271319, 11.5087512649, 0.0000000000
-93.0790271319, 11.5087512649, 0.0000000000
-93.1799740664, 11.7190246944, 0.0000000000
-93.1799740664, 11.7190246944, 0.0000000000
-93.4866123680, 12.3497571216, 0.0000000000
-93.4866123680, 12.3497571216, 0.0000000000
-93.8022662510, 12.9865950027, 0.0000000000
-93.8022662510, 12.9865950027, 0.0000000000
-94.1270058280, 13.6287628438, 0.0000000000
-94.1270058280, 13.6287628438, 0.0000000000
-94.4608849422, 14.2754253183, 0.0000000000
-94.4608849422, 14.2754253183, 0.0000000000
-95.1491202184, 15.5656484171, 0.0000000000
-95.1491202184, 15.5656484171, 0.0000000000
-95.7523841121, 16.6500391384, 0.0000000000
-95.7523841121, 16.6500391384, 0.0000000000
-96.3808454289, 17.7343737309, 0.0000000000
-96.3808454289, 17.7343737309, 0.0000000000
-97.0341713749, 18.8134278215, 0.0000000000
-97.0341713749, 18.8134278215, 0.0000000000
-97.7118051972, 19.8816725359, 0.0000000000
-97.7118051972, 19.8816725359, 0.0000000000
-98.4129405251, 20.9333445887, 0.0000000000
-98.4129405251, 20.9333445887, 0.0000000000
-98.9914801473, 21.7607736343, 0.0000000000
-98.9914801473, 21.7607736343, 0.0000000000
-99.7320390813, 22.7676094407, 0.0000000000
-99.7320390813, 22.7676094407, 0.0000000000
-100.4923182010, 23.7412267017, 0.0000000000
-100.4923182010, 23.7412267017, 0.0000000000
-101.5817704482, 25.0326007207, 0.0000000000
-101.5817704482, 25.0326007207, 0.0000000000
-102.9069032092, 26.4424886012, 0.0000000000
-102.9069032092, 26.4424886012, 0.0000000000
-104.5365563031, 27.9406201472, 0.0000000000
-104.5365563031, 27.9406201472, 0.0000000000
-106.1835667940, 29.1961492323, 0.0000000000
-106.1835667940, 29.1961492323, 0.0000000000
-107.0071553246, 29.7274336380, 0.0000000000
-107.0071553246, 29.7274336380, 0.0000000000
-107.6610317129, 30.1033706223, 0.0000000000
-107.6610317129, 30.1033706223, 0.0000000000
-107.8366214313, 30.1973815214, 0.0000000000
-107.8366214313, 30.1973815214, 0.0000000000
-107.9985179919, 30.2814474609, 0.0000000000
-107.9985179919, 30.2814474609, 0.0000000000
-108.1599192772, 30.3627544741, 0.0000000000
-108.1599192772, 30.3627544741, 0.0000000000
-107.9986881443, 30.2815344924, 0.0000000000
-107.9986881443, 30.2815344924, 0.0000000000
-107.8369468915, 30.1975530426, 0.0000000000
-107.8369468915, 30.1975530426, 0.0000000000
-107.5122162423, 30.0213898598, 0.0000000000
-107.5122162423, 30.0213898598, 0.0000000000
-107.0221750539, 29.7365252802, 0.0000000000
-107.0221750539, 29.7365252802, 0.0000000000
-106.5289260922, 29.4267641753, 0.0000000000
-106.5289260922, 29.4267641753, 0.0000000000
-106.1986232651, 29.2064388910, 0.0000000000
-106.1986232651, 29.2064388910, 0.0000000000
-105.5359456843, 28.7332189734, 0.0000000000
-105.5359456843, 28.7332189734, 0.0000000000
-104.0421882996, 27.5132574496, 0.0000000000
-104.0421882996, 27.5132574496, 0.0000000000
-102.2300561018, 25.7441360508, 0.0000000000
-102.2300561018, 25.7441360508, 0.0000000000
-100.5029360633, 23.7543987869, 0.0000000000
-100.5029360633, 23.7543987869, 0.0000000000
-98.7648962938, 21.4410193862, 0.0000000000
-98.7648962938, 21.4410193862, 0.0000000000
-97.3064476746, 19.2488364860, 0.0000000000
-97.3064476746, 19.2488364860, 0.0000000000
-95.9835632603, 17.0542478873, 0.0000000000
-95.9835632603, 17.0542478873, 0.0000000000
-95.3942055050, 16.0113918811, 0.0000000000
-95.3942055050, 16.0113918811, 0.0000000000
-95.0569120807, 15.3960940285, 0.0000000000
-95.0569120807, 15.3960940285, 0.0000000000
-95.0339723326, 15.3537539508, 0.0000000000
-95.0339723326, 15.3537539508, 0.0000000000
-94.9150931287, 15.1333269988, 0.0000000000
-94.9150931287, 15.1333269988, 0.0000000000
-94.7972488135, 14.9131420426, 0.0000000000
-94.7972488135, 14.9131420426, 0.0000000000
-94.6804398022, 14.6932375584, 0.0000000000
-94.6804398022, 14.6932375584, 0.0000000000
-94.5800377871, 14.5029000780, 0.0000000000
-94.5800377871, 14.5029000780, 0.0000000000
-94.3505870789, 14.0633113457, 0.0000000000
-94.3505870789, 14.0633113457, 0.0000000000
-94.2377867107, 13.8448431273, 0.0000000000
-94.2377867107, 13.8448431273, 0.0000000000
-93.9137491295, 13.2085287891, 0.0000000000
-93.9137491295, 13.2085287891, 0.0000000000
-93.6965447010, 12.7746950599, 0.0000000000
-93.6965447010, 12.7746950599, 0.0000000000
-93.4855862937, 12.3476665088, 0.0000000000
-93.4855862937, 12.3476665088, 0.0000000000
-93.0687694302, 11.4873109115, 0.0000000000
-93.0687694302, 11.4873109115, 0.0000000000
-92.3686092100, 9.9913853081, 0.0000000000
-92.3686092100, 9.9913853081, 0.0000000000
-91.9966373455, 9.1700947852, 0.0000000000
-91.9966373455, 9.1700947852, 0.0000000000
-91.6403077261, 8.3655440529, 0.0000000000
-91.6403077261, 8.3655440529, 0.0000000000
-91.2147696691, 7.3812594984, 0.0000000000
-91.2147696691, 7.3812594984, 0.0000000000
-91.0530683364, 7.0003637089, 0.0000000000
-91.0530683364, 7.0003637089, 0.0000000000
-90.9247777481, 6.6954155550, 0.0000000000
-90.9247777481, 6.6954155550, 0.0000000000
-90.9581601292, 6.7750022768, 0.0000000000
-90.9581601292, 6.7750022768, 0.0000000000
-90.8800603216, 6.5885428704, 0.0000000000
-90.8800603216, 6.5885428704, 0.0000000000
-90.9924938179, 6.8566831550, 0.0000000000
-90.9924938179, 6.8566831550, 0.0000000000
-91.0712367140, 7.0433523168, 0.0000000000
-91.0712367140, 7.0433523168, 0.0000000000
-91.3108691485, 7.6058156647, 0.0000000000
-91.3108691485, 7.6058156647, 0.0000000000
-91.4757470855, 7.9879808130, 0.0000000000
-91.4757470855, 7.9879808130, 0.0000000000
-91.5598835295, 8.1815003846, 0.0000000000
-91.5598835295, 8.1815003846, 0.0000000000
-91.7302582234, 8.5703094745, 0.0000000000
-91.7302582234, 8.5703094745, 0.0000000000
-91.8171744914, 8.7670930837, 0.0000000000
-91.8171744914, 8.7670930837, 0.0000000000
-91.9931439843, 9.1622924317, 0.0000000000
-91.9931439843, 9.1622924317, 0.0000000000
-92.1728903848, 9.5615881225, 0.0000000000
-92.1728903848, 9.5615881225, 0.0000000000
-92.4486156431, 10.1655979028, 0.0000000000
-92.4486156431, 10.1655979028, 0.0000000000
-93.0195583173, 11.3842622861, 0.0000000000
-93.0195583173, 11.3842622861, 0.0000000000
-93.4225224218, 12.2189185198, 0.0000000000
-93.4225224218, 12.2189185198, 0.0000000000
-93.7363073685, 12.8545565504, 0.0000000000
-93.7363073685, 12.8545565504, 0.0000000000
-93.9512860101, 13.2829065576, 0.0000000000
-93.9512860101, 13.2829065576, 0.0000000000
-94.0606748326, 13.4986578625, 0.0000000000
-94.0606748326, 13.4986578625, 0.0000000000
-95.1750821056, 15.6132045302, 0.0000000000
-95.1750821056, 15.6132045302, 0.0000000000
-95.6941893264, 16.5473025227, 0.0000000000
-95.6941893264, 16.5473025227, 0.0000000000
-96.0970112928, 17.2503297967, 0.0000000000
-96.0970112928, 17.2503297967, 0.0000000000
-96.2249928667, 17.4697390739, 0.0000000000
-96.2249928667, 17.4697390739, 0.0000000000
-96.2622044602, 17.5331783519, 0.0000000000
-96.2622044602, 17.5331783519, 0.0000000000
-96.6507912685, 18.1861293193, 0.0000000000
-96.6507912685, 18.1861293193, 0.0000000000
-97.3143539229, 19.2613551571, 0.0000000000
-97.3143539229, 19.2613551571, 0.0000000000
-97.9155757221, 20.1928965236, 0.0000000000
-97.9155757221, 20.1928965236, 0.0000000000
-98.2593329568, 20.7075541285, 0.0000000000
-98.2593329568, 20.7075541285, 0.0000000000
-98.4027221895, 20.9184043702, 0.0000000000
-98.4027221895, 20.9184043702, 0.0000000000
-98.6915024194, 21.3362601722, 0.0000000000
-98.6915024194, 21.3362601722, 0.0000000000
-98.9043348435, 21.6384479219, 0.0000000000
-98.9043348435, 21.6384479219, 0.0000000000
-99.9383804096, 23.0378164925, 0.0000000000
-99.9383804096, 23.0378164925, 0.0000000000
-100.0912076563, 23.2350717821, 0.0000000000
-100.0912076563, 23.2350717821, 0.0000000000
-100.2447769912, 23.4308315209, 0.0000000000
-100.2447769912, 23.4308315209, 0.0000000000
-100.3990717337, 23.6250486002, 0.0000000000
-100.3990717337, 23.6250486002, 0.0000000000
-100.5540746816, 23.8176763085, 0.0000000000
-100.5540746816, 23.8176763085, 0.0000000000
-100.7097681160, 24.0086683778, 0.0000000000
-100.7097681160, 24.0086683778, 0.0000000000
-100.8661338034, 24.1979790215, 0.0000000000
-100.8661338034, 24.1979790215, 0.0000000000
-101.0231529984, 24.3855629714, 0.0000000000
-101.0231529984, 24.3855629714, 0.0000000000
-101.1808064472, 24.5713755159, 0.0000000000
-101.1808064472, 24.5713755159, 0.0000000000
-101.2880513638, 24.6963322529, 0.0000000000
-101.2880513638, 24.6963322529, 0.0000000000
-101.5552895869, 25.0026408092, 0.0000000000
-101.5552895869, 25.0026408092, 0.0000000000
-101.8746396370, 25.3592480439, 0.0000000000
-101.8746396370, 25.3592480439, 0.0000000000
-102.0353422558, 25.5348358628, 0.0000000000
-102.0353422558, 25.5348358628, 0.0000000000
-102.4759106457, 26.0030316270, 0.0000000000
-102.4759106457, 26.0030316270, 0.0000000000
-102.7621104783, 26.2968904804, 0.0000000000
-102.7621104783, 26.2968904804, 0.0000000000
-102.9252707810, 26.4608113520, 0.0000000000
-102.9252707810, 26.4608113520, 0.0000000000
-103.2180342764, 26.7484046104, 0.0000000000
-103.2180342764, 26.7484046104, 0.0000000000
-103.6788628488, 27.1841812800, 0.0000000000
-103.6788628488, 27.1841812800, 0.0000000000
-104.1733440564, 27.6289240621, 0.0000000000
-104.1733440564, 27.6289240621, 0.0000000000
-104.0078036096, 27.4826595906, 0.0000000000
-104.0078036096, 27.4826595906, 0.0000000000
-104.0307702038, 27.5031094686, 0.0000000000
-104.0307702038, 27.5031094686, 0.0000000000
-103.7226965644, 27.2245593133, 0.0000000000
-103.7226965644, 27.2245593133, 0.0000000000
